maling_id,konsentrasjon_umol_L,replikat,absorbans
K00_1,0,1,0.010
K00_2,0,2,0.012
K00_3,0,3,0.014
K10_1,10,1,0.109
K10_2,10,2,0.113
K10_3,10,3,0.114
K20_1,20,1,0.208
K20_2,20,2,0.212
K20_3,20,3,0.216
K30_1,30,1,0.309
K30_2,30,2,
K30_3,30,3,0.315
K40_1,40,1,0.407
K40_2,40,2,0.413
K40_3,40,3,0.416
K50_1,50,1,0.508
K50_2,50,2,0.511
K50_3,50,3,0.517
K60_1,60,1,0.606
K60_2,60,2,0.613
K60_3,60,3,0.617
K70_1,70,1,0.669
K70_2,70,2,0.675
K70_3,70,3,0.678
K80_1,80,1,0.728
K80_2,80,2,0.736
K80_3,80,3,0.738
