prove_id,behandling,replikat,absorbans
V04,ufiltrert,3,0.375
V02,ufiltrert,2,0.232
V04,filtrert,3,0.332
V01,filtrert,2,0.111
V03,filtrert,3,0.240
V05,filtrert,1,0.382
V06,filtrert,2,0.509
V01,ufiltrert,3,0.164
V06,ufiltrert,2,0.513
V05,filtrert,2,0.383
V02,filtrert,3,0.198
V01,ufiltrert,1,0.159
V02,ufiltrert,3,0.236
V05,ufiltrert,1,0.439
V03,ufiltrert,2,0.301
V04,ufiltrert,2,0.374
V02,filtrert,2,0.194
V03,filtrert,1,0.235
V04,ufiltrert,1,0.367
V05,filtrert,3,0.390
V05,ufiltrert,2,0.440
V06,ufiltrert,3,0.515
V01,filtrert,3,0.112
V03,ufiltrert,1,0.300
V02,ufiltrert,1,0.228
V03,filtrert,2,0.236
V01,filtrert,1,0.107
V05,ufiltrert,3,0.447
V03,ufiltrert,3,0.305
V04,filtrert,1,0.324
V06,ufiltrert,1,0.508
V06,filtrert,1,0.504
V02,filtrert,1,0.190
V04,filtrert,2,0.331
V06,filtrert,3,0.511
V01,ufiltrert,2,0.163
